<?xml version="1.0" encoding="UTF-8"?>
<archive xmlns="http://rs.tdwg.org/dwc/text/" metadata="eml.xml">
  <core encoding="UTF-8" fieldsTerminatedBy="\t" linesTerminatedBy="\n" ignoreHeaderLines="1" rowType="http://rs.tdwg.org/dwc/terms/Occurrence">
    <files>
      <location>occurrence.txt</location>
    </files>
    <id index="0" />
    <field index="0" term="http://rs.tdwg.org/dwc/terms/occurrenceID" />
    <field index="1" term="http://rs.tdwg.org/dwc/terms/catalogNumber" />
    <field index="2" term="http://rs.tdwg.org/dwc/terms/basisOfRecord" />
    <field index="3" term="http://rs.tdwg.org/dwc/terms/eventDate" />
    <field index="4" term="http://rs.tdwg.org/dwc/terms/eventID" />
    <field index="5" term="http://rs.tdwg.org/dwc/terms/recordedBy" />
    <field index="6" term="http://rs.tdwg.org/dwc/terms/rightsHolder" />
    <field index="7" term="http://rs.tdwg.org/dwc/terms/license" />
    <field index="8" term="http://rs.tdwg.org/dwc/terms/references" />
    <field index="9" term="http://rs.tdwg.org/dwc/terms/scientificName" />
    <field index="10" term="http://rs.tdwg.org/dwc/terms/taxonRank" />
    <field index="11" term="http://rs.tdwg.org/dwc/terms/taxonID" />
    <field index="12" term="http://rs.tdwg.org/dwc/terms/decimalLatitude" />
    <field index="13" term="http://rs.tdwg.org/dwc/terms/decimalLongitude" />
    <field index="14" term="http://rs.tdwg.org/dwc/terms/geodeticDatum" />
    <field index="15" term="http://rs.tdwg.org/dwc/terms/coordinateUncertaintyInMeters" />
    <field index="16" term="http://rs.tdwg.org/dwc/terms/countryCode" />
    <field index="17" term="http://rs.tdwg.org/dwc/terms/country" />
    <field index="18" term="http://rs.tdwg.org/dwc/terms/stateProvince" />
    <field index="19" term="http://rs.tdwg.org/dwc/terms/municipality" />
    <field index="20" term="http://rs.tdwg.org/dwc/terms/locality" />
    <field index="21" term="http://rs.tdwg.org/dwc/terms/occurrenceStatus" />
    <field index="22" term="http://rs.tdwg.org/dwc/terms/occurrenceRemarks" />
    <field index="23" term="http://rs.tdwg.org/dwc/terms/dynamicProperties" />
    <field index="24" term="http://rs.tdwg.org/dwc/terms/dataGeneralizations" />
    <field index="25" term="http://rs.tdwg.org/dwc/terms/informationWithheld" />
    <field index="26" term="http://rs.tdwg.org/dwc/terms/associatedMedia" />
  </core>
</archive>
